Instancia,BRKGA,BEST,GAP
prob_25_1.txt, 1350.0, 1350, 0.0 
prob_25_2.txt, 1310.0, 1310, 0.0 
prob_25_3.txt, 1140.0, 1140, 0.0 
prob_25_4.txt, 1196.6666666666667, 1190, 0.5602240896358607 
prob_25_5.txt, 1090.0, 1090, 0.0 
prob_25_6.txt, 1260.0, 1260, 0.0 
prob_25_7.txt, 1260.0, 1250, 0.8 
